{
  "type": "immersiveengineering:crusher",
  "energy": 6000,
  "input": {
    "item": "immersivegeology:normal_ore_smithsonite"
  },
  "result": {
    "item": "immersivegeology:normal_ore_smithsonite",
    "count": 1
  },
  "secondaries": [
    {
      "chance": 0.25,
      "output": {
        "item": "immersivegeology:normal_ore_smithsonite",
        "count": 1
      }
    },
    {
      "chance": 0.12,
      "output": {
        "item": "immersivegeology:normal_ore_smithsonite",
        "count": 1
      }
    }
  ]
}