{
  "type": "immersiveengineering:crusher",
  "energy": 6000,
  "input": {
    "item": "gtceu:rich_raw_desh"
  },
  "result": {
    "item": "gtceu:crushed_desh_ore",
    "count": 2
  },
  "secondaries": [
    {
      "chance": 0.5,
      "output": {
        "item": "gtceu:crushed_desh_ore",
        "count": 1
      }
    },
    {
      "chance": 0.33,
      "output": {
        "item": "gtceu:crushed_desh_ore",
        "count": 1
      }
    },
    {
      "chance": 0.165,
      "output": {
        "item": "gtceu:crushed_desh_ore",
        "count": 1
      }
    }
  ]
}