{
  "type": "immersiveengineering:crusher",
  "energy": 6000,
  "input": {
    "item": "immersivegeology:poor_ore_zircon"
  },
  "result": {
    "item": "immersivegeology:dirty_crushed_ore_zircon",
    "count": 0
  },
  "secondaries": [
    {
      "chance": 0.5,
      "output": {
        "item": "immersivegeology:dirty_crushed_ore_zircon",
        "count": 1
      }
    },
    {
      "chance": 0.25,
      "output": {
        "item": "immersivegeology:dirty_crushed_ore_zircon",
        "count": 1
      }
    },
    {
      "chance": 0.12,
      "output": {
        "item": "immersivegeology:dirty_crushed_ore_zircon",
        "count": 1
      }
    }
  ]
}