{
  "type": "immersiveengineering:crusher",
  "energy": 6000,
  "input": {
    "item": "immersivegeology:rich_ore_anatase"
  },
  "result": {
    "item": "immersivegeology:dirty_crushed_ore_anatase",
    "count": 1
  },
  "secondaries": [
    {
      "chance": 0.5,
      "output": {
        "item": "immersivegeology:dirty_crushed_ore_anatase",
        "count": 1
      }
    },
    {
      "chance": 0.33,
      "output": {
        "item": "immersivegeology:dirty_crushed_ore_anatase",
        "count": 1
      }
    },
    {
      "chance": 0.165,
      "output": {
        "item": "immersivegeology:dirty_crushed_ore_anatase",
        "count": 1
      }
    }
  ]
}