{
  "type": "immersiveengineering:crusher",
  "energy": 6000,
  "input": {
    "item": "gtceu:poor_raw_bismuth"
  },
  "result": {
    "item": "gtceu:crushed_poor_crushed_bismuth",
    "count": 0
  },
  "secondaries": [
    {
      "chance": 0.5,
      "output": {
        "item": "gtceu:crushed_poor_crushed_bismuth",
        "count": 1
      }
    },
    {
      "chance": 0.25,
      "output": {
        "item": "gtceu:crushed_poor_crushed_bismuth",
        "count": 1
      }
    },
    {
      "chance": 0.12,
      "output": {
        "item": "gtceu:crushed_poor_crushed_bismuth",
        "count": 1
      }
    }
  ]
}