{
  "type": "immersiveengineering:crusher",
  "energy": 6000,
  "input": {
    "item": "gtceu:poor_raw_topaz"
  },
  "result": {
    "item": "gtceu:crushed_topaz_ore",
    "count": 0
  },
  "secondaries": [
    {
      "chance": 0.5,
      "output": {
        "item": "gtceu:crushed_topaz_ore",
        "count": 1
      }
    },
    {
      "chance": 0.25,
      "output": {
        "item": "gtceu:crushed_topaz_ore",
        "count": 1
      }
    },
    {
      "chance": 0.12,
      "output": {
        "item": "gtceu:crushed_topaz_ore",
        "count": 1
      }
    }
  ]
}