{
  "type": "immersiveengineering:crusher",
  "energy": 6000,
  "input": {
    "item": "tfc:ore/rich_malachite"
  },
  "result": {
    "item": "tfc:ore/rich_malachite",
    "count": 0
  },
  "secondaries": [
    {
      "chance": 0.5,
      "output": {
        "item": "tfc:ore/rich_malachite",
        "count": 1
      }
    },
    {
      "chance": 0.33,
      "output": {
        "item": "tfc:ore/rich_malachite",
        "count": 1
      }
    },
    {
      "chance": 0.165,
      "output": {
        "item": "tfc:ore/rich_malachite",
        "count": 1
      }
    }
  ]
}