{
	"type":"immersiveengineering:crusher",
	"energy":6000,
	"input":{"item":"tfc:ore/rich_hematite"},
	"result":{"item":"gtceu:crushed_hematite_ore"},
	"secondaries":
	[
        {
            "chance": 0.33,
            "output": {
                "item": "gtceu:crushed_hematite_ore"
            }
        },
		{
            "chance": 0.165,
            "output": {
                "item": "gtceu:crushed_hematite_ore"
            }
        },
        {
            "chance": 0.165,
            "output": {
                "item": "gtceu:crushed_hematite_ore"
            }
        }
    ]
	
}